group_id;contrast_position;cue_category;alternative_1;ipa_1;phoneme_1;alternative_2;ipa_2;phoneme_2;alternative_3;ipa_3;phoneme_3;alternative_4;ipa_4;phoneme_4;alternative_5;ipa_5;phoneme_5
initial-01;initial;broad;Band;/bant/;b;Hand;/hant/;h;Land;/lant/;l;Rand;/ʁant/;ʁ;Sand;/zant/;z
initial-02;initial;broad;Ball;/bal/;b;Fall;/fal/;f;Hall;/hal/;h;Schall;/ʃal/;ʃ;Wall;/val/;v
initial-03;initial;broad;Bund;/bʊnt/;b;Fund;/fʊnt/;f;Hund;/hʊnt/;h;Mund;/mʊnt/;m;rund;/ʁʊnt/;ʁ
initial-04;initial;broad;Bass;/bas/;b;Fass;/fas/;f;Hass;/has/;h;nass;/nas/;n;was;/vas/;v
initial-05;initial;high;Sicht;/zɪçt/;z;Schicht;/ʃɪçt/;ʃ;dicht;/dɪçt/;d;Licht;/lɪçt/;l;nicht;/nɪçt/;n
initial-06;initial;mid;Boot;/boːt/;b;Kot;/koːt/;k;Not;/noːt/;n;rot;/ʁoːt/;ʁ;tot;/toːt/;t
initial-07;initial;high;Deich;/daɪç/;d;Laich;/laɪç/;l;Reich;/ʁaɪç/;ʁ;Teich;/taɪç/;t;weich;/vaɪç/;v
initial-08;initial;broad;dort;/dɔʁt/;d;fort;/fɔʁt/;f;Hort;/hɔʁt/;h;Mord;/mɔʁt/;m;Wort;/vɔʁt/;v
vowel-01;vowel;low-mid;Bad;/baːt/;aː;Bett;/bɛt/;ɛ;Beet;/beːt/;eː;Bit;/bɪt/;ɪ;Butt;/bʊt/;ʊ
vowel-02;vowel;low-mid;Fell;/fɛl/;ɛ;fiel;/fiːl/;iː;voll;/fɔl/;ɔ;fühl;/fyːl/;yː;faul;/faʊl/;aʊ
vowel-03;vowel;mid;Biss;/bɪs/;ɪ;Bus;/bʊs/;ʊ;Boss;/bɔs/;ɔ;büß;/byːs/;yː;beiß;/baɪs/;aɪ
vowel-04;vowel;broad;Riss;/ʁɪs/;ɪ;Ross;/ʁɔs/;ɔ;Ruß;/ʁuːs/;uː;Reis;/ʁaɪs/;aɪ;raus;/ʁaʊs/;aʊ
vowel-05;vowel;low-mid;Wahl;/vaːl/;aː;wähl;/vɛːl/;ɛː;will;/vɪl/;ɪ;wohl;/voːl/;oː;wühl;/vyːl/;yː
vowel-06;vowel;broad;Lied;/liːt/;iː;lädt;/lɛːt/;ɛː;litt;/lɪt/;ɪ;laut;/laʊt/;aʊ;löt;/løːt/;øː
vowel-07;vowel;low-mid;Tier;/tiːɐ̯/;iː;Tür;/tyːɐ̯/;yː;Tor;/toːɐ̯/;oː;Teer;/teːɐ̯/;eː;Tour;/tuːɐ̯/;uː
vowel-08;vowel;low-mid;Hahn;/haːn/;aː;hin;/hɪn/;ɪ;Huhn;/huːn/;uː;höhn;/høːn/;øː;Hain;/haɪn/;aɪ
vowel-09;vowel;broad;Mal;/maːl/;aː;Mehl;/meːl/;eː;Müll;/mʏl/;ʏ;Moll;/mɔl/;ɔ;Maul;/maʊl/;aʊ
final-01;final;high;Rauch;/ʁaʊx/;x;Raum;/ʁaʊm/;m;rauf;/ʁaʊf/;f;Raub;/ʁaʊp/;p;Rausch;/ʁaʊʃ/;ʃ
final-02;final;high;Wein;/vaɪn/;n;weit;/vaɪt/;t;weiß;/vaɪs/;s;weil;/vaɪl/;l;Weib;/vaɪp/;p
final-03;final;high;Reim;/ʁaɪm/;m;rein;/ʁaɪn/;n;Reiz;/ʁaɪts/;ts;reif;/ʁaɪf/;f;reib;/ʁaɪp/;p
final-04;final;broad;Lohn;/loːn/;n;Los;/loːs/;s;Lot;/loːt/;t;Lob;/loːp/;p;log;/loːk/;k
final-05;final;high;Graf;/ɡʁaːf/;f;Gram;/ɡʁaːm/;m;Grat;/ɡʁaːt/;t;Grab;/ɡʁaːp/;p;Gras;/ɡʁaːs/;s
final-06;final;low-mid;Weg;/veːk/;k;weh;/veː/;∅;wen;/veːn/;n;wem;/veːm/;m;wer;/veːɐ̯/;ɐ̯
final-07;final;broad;Hof;/hoːf/;f;Hohn;/hoːn/;n;hoch;/hoːx/;x;hohl;/hoːl/;l;hob;/hoːp/;p
final-08;final;high;Schaf;/ʃaːf/;f;Schal;/ʃaːl/;l;Scham;/ʃaːm/;m;Schar;/ʃaːɐ̯/;ɐ̯;scharf;/ʃaʁf/;ʁf
