frequency,raw
20.00,-3.81
20.20,-3.81
20.40,-3.81
20.61,-3.81
20.81,-3.81
21.02,-3.81
21.23,-3.81
21.44,-3.81
21.66,-3.81
21.87,-3.81
22.09,-3.81
22.31,-3.81
22.54,-3.81
22.76,-3.81
22.99,-3.81
23.22,-3.81
23.45,-3.81
23.69,-3.81
23.92,-3.81
24.16,-3.81
24.40,-3.81
24.65,-3.81
24.89,-3.81
25.14,-3.81
25.39,-3.81
25.65,-3.81
25.91,-3.81
26.16,-3.81
26.43,-3.81
26.69,-3.81
26.96,-3.81
27.23,-3.81
27.50,-3.81
27.77,-3.81
28.05,-3.81
28.33,-3.81
28.62,-3.81
28.90,-3.81
29.19,-3.81
29.48,-3.81
29.78,-3.81
30.08,-3.81
30.38,-3.81
30.68,-3.81
30.99,-3.81
31.30,-3.81
31.61,-3.81
31.93,-3.81
32.24,-3.81
32.57,-3.81
32.89,-3.81
33.22,-3.81
33.55,-3.81
33.89,-3.81
34.23,-3.81
34.57,-3.81
34.92,-3.81
35.27,-3.81
35.62,-3.81
35.97,-3.81
36.33,-3.81
36.70,-3.81
37.06,-3.81
37.43,-3.81
37.81,-3.81
38.19,-3.81
38.57,-3.81
38.95,-3.81
39.34,-3.81
39.74,-3.81
40.14,-3.81
40.54,-3.81
40.94,-3.81
41.35,-3.81
41.76,-3.81
42.18,-3.81
42.60,-3.81
43.03,-3.81
43.46,-3.81
43.90,-3.81
44.33,-3.81
44.78,-3.81
45.23,-3.81
45.68,-3.81
46.13,-3.81
46.60,-3.81
47.06,-3.81
47.53,-3.81
48.01,-3.81
48.49,-3.81
48.97,-3.81
49.46,-3.81
49.96,-3.81
50.46,-3.81
50.96,-3.81
51.47,-3.81
51.99,-3.81
52.51,-3.81
53.03,-3.81
53.56,-3.81
54.10,-3.81
54.64,-3.81
55.18,-3.81
55.74,-3.81
56.29,-3.81
56.86,-3.81
57.42,-3.81
58.00,-3.81
58.58,-3.81
59.16,-3.81
59.76,-3.81
60.35,-3.81
60.96,-3.81
61.57,-3.81
62.18,-3.81
62.80,-3.81
63.43,-3.81
64.07,-3.81
64.71,-3.81
65.35,-3.81
66.01,-3.81
66.67,-3.81
67.33,-3.81
68.01,-3.81
68.69,-3.81
69.37,-3.81
70.07,-3.81
70.77,-3.81
71.48,-3.81
72.19,-3.81
72.91,-3.81
73.64,-3.81
74.38,-3.81
75.12,-3.81
75.87,-3.81
76.63,-3.81
77.40,-3.81
78.17,-3.81
78.95,-3.81
79.74,-3.81
80.54,-3.81
81.35,-3.81
82.16,-3.81
82.98,-3.81
83.81,-3.81
84.65,-3.81
85.50,-3.81
86.35,-3.81
87.22,-3.81
88.09,-3.79
88.97,-3.78
89.86,-3.77
90.76,-3.76
91.66,-3.75
92.58,-3.74
93.51,-3.74
94.44,-3.73
95.39,-3.74
96.34,-3.75
97.30,-3.77
98.28,-3.78
99.26,-3.79
100.25,-3.79
101.25,-3.79
102.27,-3.79
103.29,-3.80
104.32,-3.82
105.37,-3.85
106.42,-3.87
107.48,-3.90
108.56,-3.93
109.64,-3.96
110.74,-3.99
111.85,-4.02
112.97,-4.03
114.10,-4.03
115.24,-4.03
116.39,-4.04
117.55,-4.02
118.73,-4.00
119.92,-3.98
121.12,-3.96
122.33,-3.93
123.55,-3.89
124.79,-3.85
126.03,-3.80
127.29,-3.76
128.57,-3.73
129.85,-3.70
131.15,-3.66
132.46,-3.63
133.79,-3.62
135.12,-3.61
136.48,-3.60
137.84,-3.60
139.22,-3.61
140.61,-3.64
142.02,-3.66
143.44,-3.68
144.87,-3.72
146.32,-3.75
147.78,-3.79
149.26,-3.83
150.75,-3.87
152.26,-3.89
153.78,-3.92
155.32,-3.95
156.88,-3.97
158.44,-3.98
160.03,-3.99
161.63,-3.99
163.24,-4.00
164.88,-3.99
166.53,-3.98
168.19,-3.98
169.87,-3.97
171.57,-3.95
173.29,-3.93
175.02,-3.92
176.77,-3.90
178.54,-3.88
180.32,-3.86
182.13,-3.84
183.95,-3.83
185.79,-3.81
187.65,-3.80
189.52,-3.78
191.42,-3.77
193.33,-3.77
195.27,-3.77
197.22,-3.77
199.19,-3.77
201.18,-3.78
203.19,-3.80
205.23,-3.82
207.28,-3.85
209.35,-3.87
211.44,-3.89
213.56,-3.91
215.69,-3.94
217.85,-3.96
220.03,-3.96
222.23,-3.95
224.45,-3.95
226.70,-3.95
228.96,-3.92
231.25,-3.89
233.57,-3.86
235.90,-3.82
238.26,-3.78
240.64,-3.73
243.05,-3.67
245.48,-3.62
247.93,-3.58
250.41,-3.55
252.92,-3.52
255.45,-3.49
258.00,-3.47
260.58,-3.46
263.19,-3.45
265.82,-3.44
268.48,-3.43
271.16,-3.43
273.87,-3.43
276.61,-3.43
279.38,-3.43
282.17,-3.43
284.99,-3.42
287.84,-3.42
290.72,-3.42
293.63,-3.41
296.57,-3.39
299.53,-3.38
302.53,-3.36
305.55,-3.34
308.61,-3.31
311.69,-3.28
314.81,-3.25
317.96,-3.22
321.14,-3.18
324.35,-3.15
327.59,-3.11
330.87,-3.07
334.18,-3.03
337.52,-2.99
340.90,-2.95
344.30,-2.91
347.75,-2.88
351.23,-2.85
354.74,-2.82
358.28,-2.80
361.87,-2.78
365.49,-2.78
369.14,-2.76
372.83,-2.75
376.56,-2.74
380.33,-2.73
384.13,-2.72
387.97,-2.71
391.85,-2.69
395.77,-2.67
399.73,-2.65
403.72,-2.63
407.76,-2.60
411.84,-2.57
415.96,-2.54
420.12,-2.51
424.32,-2.47
428.56,-2.43
432.85,-2.39
437.18,-2.36
441.55,-2.32
445.96,-2.28
450.42,-2.23
454.93,-2.19
459.48,-2.15
464.07,-2.10
468.71,-2.06
473.40,-2.01
478.13,-1.96
482.91,-1.91
487.74,-1.85
492.62,-1.80
497.55,-1.74
502.52,-1.70
507.55,-1.65
512.62,-1.61
517.75,-1.57
522.93,-1.53
528.16,-1.50
533.44,-1.47
538.77,-1.44
544.16,-1.41
549.60,-1.38
555.10,-1.35
560.65,-1.32
566.25,-1.30
571.92,-1.26
577.64,-1.23
583.41,-1.20
589.25,-1.16
595.14,-1.13
601.09,-1.10
607.10,-1.07
613.17,-1.04
619.30,-1.02
625.50,-0.99
631.75,-0.98
638.07,-0.95
644.45,-0.93
650.89,-0.90
657.40,-0.88
663.98,-0.86
670.62,-0.83
677.32,-0.80
684.10,-0.78
690.94,-0.75
697.85,-0.71
704.83,-0.67
711.87,-0.63
718.99,-0.59
726.18,-0.55
733.44,-0.51
740.78,-0.47
748.19,-0.42
755.67,-0.38
763.23,-0.35
770.86,-0.31
778.57,-0.28
786.35,-0.25
794.22,-0.24
802.16,-0.23
810.18,-0.23
818.28,-0.22
826.46,-0.23
834.73,-0.24
843.08,-0.25
851.51,-0.27
860.02,-0.28
868.62,-0.29
877.31,-0.31
886.08,-0.32
894.94,-0.32
903.89,-0.31
912.93,-0.31
922.06,-0.30
931.28,-0.28
940.59,-0.24
950.00,-0.22
959.50,-0.18
969.09,-0.15
978.78,-0.10
988.57,-0.05
998.46,-0.01
1008.44,0.04
1018.53,0.08
1028.71,0.13
1039.00,0.18
1049.39,0.22
1059.88,0.28
1070.48,0.32
1081.19,0.37
1092.00,0.43
1102.92,0.49
1113.95,0.56
1125.09,0.62
1136.34,0.69
1147.70,0.76
1159.18,0.83
1170.77,0.91
1182.48,0.97
1194.30,1.03
1206.25,1.09
1218.31,1.14
1230.49,1.19
1242.80,1.25
1255.22,1.30
1267.78,1.36
1280.45,1.40
1293.26,1.45
1306.19,1.52
1319.25,1.58
1332.45,1.65
1345.77,1.71
1359.23,1.79
1372.82,1.85
1386.55,1.92
1400.41,1.99
1414.42,2.09
1428.56,2.19
1442.85,2.27
1457.28,2.37
1471.85,2.50
1486.57,2.64
1501.43,2.77
1516.45,2.92
1531.61,3.08
1546.93,3.25
1562.40,3.43
1578.02,3.62
1593.80,3.80
1609.74,3.99
1625.84,4.18
1642.10,4.37
1658.52,4.56
1675.10,4.76
1691.85,4.96
1708.77,5.16
1725.86,5.35
1743.12,5.55
1760.55,5.74
1778.15,5.93
1795.94,6.11
1813.90,6.30
1832.03,6.48
1850.36,6.64
1868.86,6.81
1887.55,6.96
1906.42,7.10
1925.49,7.24
1944.74,7.36
1964.19,7.50
1983.83,7.63
2003.67,7.77
2023.71,7.91
2043.94,8.04
2064.38,8.20
2085.03,8.37
2105.88,8.52
2126.94,8.69
2148.20,8.85
2169.69,9.03
2191.38,9.19
2213.30,9.36
2235.43,9.49
2257.78,9.62
2280.36,9.76
2303.17,9.87
2326.20,9.99
2349.46,10.10
2372.95,10.20
2396.68,10.33
2420.65,10.45
2444.86,10.56
2469.31,10.68
2494.00,10.77
2518.94,10.87
2544.13,10.97
2569.57,11.04
2595.27,11.10
2621.22,11.16
2647.43,11.21
2673.90,11.22
2700.64,11.22
2727.65,11.22
2754.93,11.22
2782.48,11.19
2810.30,11.15
2838.40,11.10
2866.79,11.06
2895.46,11.01
2924.41,10.96
2953.65,10.90
2983.19,10.84
3013.02,10.79
3043.15,10.73
3073.58,10.68
3104.32,10.62
3135.36,10.56
3166.72,10.50
3198.38,10.44
3230.37,10.37
3262.67,10.31
3295.30,10.25
3328.25,10.18
3361.53,10.12
3395.15,10.05
3429.10,9.97
3463.39,9.89
3498.03,9.82
3533.01,9.73
3568.34,9.63
3604.02,9.54
3640.06,9.43
3676.46,9.33
3713.22,9.22
3750.36,9.10
3787.86,8.98
3825.74,8.86
3864.00,8.74
3902.64,8.61
3941.66,8.48
3981.08,8.34
4020.89,8.20
4061.10,8.06
4101.71,7.92
4142.73,7.77
4184.15,7.63
4226.00,7.46
4268.26,7.30
4310.94,7.12
4354.05,6.95
4397.59,6.76
4441.56,6.56
4485.98,6.38
4530.84,6.21
4576.15,6.04
4621.91,5.86
4668.13,5.71
4714.81,5.56
4761.96,5.41
4809.58,5.25
4857.67,5.13
4906.25,4.99
4955.31,4.85
5004.87,4.71
5054.91,4.58
5105.46,4.44
5156.52,4.30
5208.08,4.17
5260.16,4.03
5312.77,3.88
5365.89,3.74
5419.55,3.61
5473.75,3.47
5528.49,3.33
5583.77,3.20
5639.61,3.07
5696.00,2.95
5752.96,2.84
5810.49,2.74
5868.60,2.66
5927.28,2.56
5986.56,2.50
6046.42,2.44
6106.89,2.39
6167.96,2.34
6229.64,2.29
6291.93,2.24
6354.85,2.18
6418.40,2.14
6482.58,2.08
6547.41,2.01
6612.88,1.94
6679.01,1.87
6745.80,1.77
6813.26,1.68
6881.39,1.59
6950.21,1.52
7019.71,1.47
7089.91,1.41
7160.81,1.40
7232.41,1.46
7304.74,1.52
7377.79,1.58
7451.56,1.67
7526.08,1.90
7601.34,2.13
7677.35,2.41
7754.13,2.77
7831.67,3.14
7909.98,3.51
7989.08,3.85
8068.98,4.17
8149.67,4.46
8231.16,4.65
8313.47,4.84
8396.61,5.01
8480.57,4.98
8565.38,4.94
8651.03,4.89
8737.54,4.69
8824.92,4.49
8913.17,4.29
9002.30,4.10
9092.32,3.95
9183.25,3.78
9275.08,3.65
9367.83,3.51
9461.51,3.38
9556.12,3.26
9651.68,3.13
9748.20,2.99
9845.68,2.84
9944.14,2.68
10043.58,2.47
10144.02,2.22
10245.46,1.94
10347.91,1.63
10451.39,1.34
10555.91,1.08
10661.46,0.90
10768.08,0.82
10875.76,0.75
10984.52,0.71
11094.36,0.78
11205.31,0.86
11317.36,0.93
11430.53,1.04
11544.84,1.17
11660.29,1.32
11776.89,1.45
11894.66,1.50
12013.60,1.51
12133.74,1.51
12255.08,1.51
12377.63,1.38
12501.41,1.22
12626.42,1.08
12752.68,0.89
12880.21,0.69
13009.01,0.48
13139.10,0.26
13270.49,0.04
13403.20,-0.17
13537.23,-0.36
13672.60,-0.54
13809.33,-0.71
13947.42,-0.87
14086.90,-1.03
14227.77,-1.17
14370.04,-1.31
14513.74,-1.46
14658.88,-1.59
14805.47,-1.71
14953.52,-1.85
15103.06,-1.97
15254.09,-2.10
15406.63,-2.22
15560.70,-2.35
15716.30,-2.47
15873.47,-2.60
16032.20,-2.72
16192.52,-2.85
16354.45,-2.97
16517.99,-3.10
16683.17,-3.22
16850.01,-3.35
17018.51,-3.48
17188.69,-3.60
17360.58,-3.73
17534.18,-3.86
17709.53,-3.98
17886.62,-4.11
18065.49,-4.24
18246.14,-4.37
18428.60,-4.48
18612.89,-4.59
18799.02,-4.70
18987.01,-4.81
19176.88,-4.88
19368.65,-4.95
19562.33,-5.01
19757.96,-5.08
19955.54,-5.14
