list_id;material;stimulus_id;spoken_text;canonical_response
de-num-a-v1;Numbers;num-a-01;dreizehn;13
de-num-a-v1;Numbers;num-a-02;achtundzwanzig;28
de-num-a-v1;Numbers;num-a-03;einundvierzig;41
de-num-a-v1;Numbers;num-a-04;sechsundfünfzig;56
de-num-a-v1;Numbers;num-a-05;zweiundsiebzig;72
de-num-a-v1;Numbers;num-a-06;neunundachtzig;89
de-num-a-v1;Numbers;num-a-07;vierundzwanzig;24
de-num-a-v1;Numbers;num-a-08;siebenunddreißig;37
de-num-a-v1;Numbers;num-a-09;fünfundsechzig;65
de-num-a-v1;Numbers;num-a-10;einundneunzig;91
de-num-a-v1;Numbers;num-a-11;achtundvierzig;48
de-num-a-v1;Numbers;num-a-12;sechsundsiebzig;76
de-num-a-v1;Numbers;num-a-13;zweiunddreißig;32
de-num-a-v1;Numbers;num-a-14;neunundfünfzig;59
de-num-a-v1;Numbers;num-a-15;dreiundachtzig;83
de-num-a-v1;Numbers;num-a-16;siebzehn;17
de-num-a-v1;Numbers;num-a-17;vierundvierzig;44
de-num-a-v1;Numbers;num-a-18;achtundsechzig;68
de-num-a-v1;Numbers;num-a-19;fünfundneunzig;95
de-num-a-v1;Numbers;num-a-20;einundzwanzig;21
de-num-b-v1;Numbers;num-b-01;vierzehn;14
de-num-b-v1;Numbers;num-b-02;neunundzwanzig;29
de-num-b-v1;Numbers;num-b-03;zweiundvierzig;42
de-num-b-v1;Numbers;num-b-04;siebenundfünfzig;57
de-num-b-v1;Numbers;num-b-05;dreiundsiebzig;73
de-num-b-v1;Numbers;num-b-06;sechsundachtzig;86
de-num-b-v1;Numbers;num-b-07;fünfundzwanzig;25
de-num-b-v1;Numbers;num-b-08;achtunddreißig;38
de-num-b-v1;Numbers;num-b-09;vierundsechzig;64
de-num-b-v1;Numbers;num-b-10;zweiundneunzig;92
de-num-b-v1;Numbers;num-b-11;neunundvierzig;49
de-num-b-v1;Numbers;num-b-12;siebenundsiebzig;77
de-num-b-v1;Numbers;num-b-13;einunddreißig;31
de-num-b-v1;Numbers;num-b-14;achtundfünfzig;58
de-num-b-v1;Numbers;num-b-15;vierundachtzig;84
de-num-b-v1;Numbers;num-b-16;sechzehn;16
de-num-b-v1;Numbers;num-b-17;fünfundvierzig;45
de-num-b-v1;Numbers;num-b-18;neunundsechzig;69
de-num-b-v1;Numbers;num-b-19;sechsundneunzig;96
de-num-b-v1;Numbers;num-b-20;zweiundzwanzig;22
de-num-c-v1;Numbers;num-c-01;fünfzehn;15
de-num-c-v1;Numbers;num-c-02;siebenundzwanzig;27
de-num-c-v1;Numbers;num-c-03;dreiundvierzig;43
de-num-c-v1;Numbers;num-c-04;vierundfünfzig;54
de-num-c-v1;Numbers;num-c-05;einundsiebzig;71
de-num-c-v1;Numbers;num-c-06;achtundachtzig;88
de-num-c-v1;Numbers;num-c-07;dreiundzwanzig;23
de-num-c-v1;Numbers;num-c-08;neununddreißig;39
de-num-c-v1;Numbers;num-c-09;sechsundsechzig;66
de-num-c-v1;Numbers;num-c-10;dreiundneunzig;93
de-num-c-v1;Numbers;num-c-11;siebenundvierzig;47
de-num-c-v1;Numbers;num-c-12;fünfundsiebzig;75
de-num-c-v1;Numbers;num-c-13;vierunddreißig;34
de-num-c-v1;Numbers;num-c-14;zweiundfünfzig;52
de-num-c-v1;Numbers;num-c-15;einundachtzig;81
de-num-c-v1;Numbers;num-c-16;achtzehn;18
de-num-c-v1;Numbers;num-c-17;sechsundvierzig;46
de-num-c-v1;Numbers;num-c-18;siebenundsechzig;67
de-num-c-v1;Numbers;num-c-19;vierundneunzig;94
de-num-c-v1;Numbers;num-c-20;sechsundzwanzig;26
de-num-d-v1;Numbers;num-d-01;zwölf;12
de-num-d-v1;Numbers;num-d-02;neunzehn;19
de-num-d-v1;Numbers;num-d-03;dreiunddreißig;33
de-num-d-v1;Numbers;num-d-04;einundfünfzig;51
de-num-d-v1;Numbers;num-d-05;einundsechzig;61
de-num-d-v1;Numbers;num-d-06;achtundsiebzig;78
de-num-d-v1;Numbers;num-d-07;fünfunddreißig;35
de-num-d-v1;Numbers;num-d-08;dreiundfünfzig;53
de-num-d-v1;Numbers;num-d-09;zweiundsechzig;62
de-num-d-v1;Numbers;num-d-10;siebenundachtzig;87
de-num-d-v1;Numbers;num-d-11;vierundsiebzig;74
de-num-d-v1;Numbers;num-d-12;zweiundachtzig;82
de-num-d-v1;Numbers;num-d-13;siebenundneunzig;97
de-num-d-v1;Numbers;num-d-14;sechsunddreißig;36
de-num-d-v1;Numbers;num-d-15;dreiundsechzig;63
de-num-d-v1;Numbers;num-d-16;neunundsiebzig;79
de-num-d-v1;Numbers;num-d-17;achtundneunzig;98
de-num-d-v1;Numbers;num-d-18;elf;11
de-num-d-v1;Numbers;num-d-19;neunundneunzig;99
de-num-d-v1;Numbers;num-d-20;fünfundachtzig;85
de-mono-a-v1;Monosyllables;mono-a-01;Haus;Haus
de-mono-a-v1;Monosyllables;mono-a-02;Baum;Baum
de-mono-a-v1;Monosyllables;mono-a-03;Tisch;Tisch
de-mono-a-v1;Monosyllables;mono-a-04;Stuhl;Stuhl
de-mono-a-v1;Monosyllables;mono-a-05;Brot;Brot
de-mono-a-v1;Monosyllables;mono-a-06;Fisch;Fisch
de-mono-a-v1;Monosyllables;mono-a-07;Hund;Hund
de-mono-a-v1;Monosyllables;mono-a-08;Pferd;Pferd
de-mono-a-v1;Monosyllables;mono-a-09;Glas;Glas
de-mono-a-v1;Monosyllables;mono-a-10;Stein;Stein
de-mono-a-v1;Monosyllables;mono-a-11;Wind;Wind
de-mono-a-v1;Monosyllables;mono-a-12;Licht;Licht
de-mono-a-v1;Monosyllables;mono-a-13;Buch;Buch
de-mono-a-v1;Monosyllables;mono-a-14;Hand;Hand
de-mono-a-v1;Monosyllables;mono-a-15;Kopf;Kopf
de-mono-a-v1;Monosyllables;mono-a-16;Mund;Mund
de-mono-a-v1;Monosyllables;mono-a-17;Fuß;Fuß
de-mono-a-v1;Monosyllables;mono-a-18;Herz;Herz
de-mono-a-v1;Monosyllables;mono-a-19;Kleid;Kleid
de-mono-a-v1;Monosyllables;mono-a-20;Schuh;Schuh
de-mono-b-v1;Monosyllables;mono-b-01;Stern;Stern
de-mono-b-v1;Monosyllables;mono-b-02;Mond;Mond
de-mono-b-v1;Monosyllables;mono-b-03;Wald;Wald
de-mono-b-v1;Monosyllables;mono-b-04;Feld;Feld
de-mono-b-v1;Monosyllables;mono-b-05;Berg;Berg
de-mono-b-v1;Monosyllables;mono-b-06;Tal;Tal
de-mono-b-v1;Monosyllables;mono-b-07;See;See
de-mono-b-v1;Monosyllables;mono-b-08;Bach;Bach
de-mono-b-v1;Monosyllables;mono-b-09;Fluss;Fluss
de-mono-b-v1;Monosyllables;mono-b-10;Strand;Strand
de-mono-b-v1;Monosyllables;mono-b-11;Sand;Sand
de-mono-b-v1;Monosyllables;mono-b-12;Schnee;Schnee
de-mono-b-v1;Monosyllables;mono-b-13;Eis;Eis
de-mono-b-v1;Monosyllables;mono-b-14;Rauch;Rauch
de-mono-b-v1;Monosyllables;mono-b-15;Zug;Zug
de-mono-b-v1;Monosyllables;mono-b-16;Bus;Bus
de-mono-b-v1;Monosyllables;mono-b-17;Schiff;Schiff
de-mono-b-v1;Monosyllables;mono-b-18;Rad;Rad
de-mono-b-v1;Monosyllables;mono-b-19;Seil;Seil
de-mono-b-v1;Monosyllables;mono-b-20;Ring;Ring
de-mono-c-v1;Monosyllables;mono-c-01;Ball;Ball
de-mono-c-v1;Monosyllables;mono-c-02;Spiel;Spiel
de-mono-c-v1;Monosyllables;mono-c-03;Kind;Kind
de-mono-c-v1;Monosyllables;mono-c-04;Mann;Mann
de-mono-c-v1;Monosyllables;mono-c-05;Frau;Frau
de-mono-c-v1;Monosyllables;mono-c-06;Sohn;Sohn
de-mono-c-v1;Monosyllables;mono-c-07;Freund;Freund
de-mono-c-v1;Monosyllables;mono-c-08;Feind;Feind
de-mono-c-v1;Monosyllables;mono-c-09;Tag;Tag
de-mono-c-v1;Monosyllables;mono-c-10;Nacht;Nacht
de-mono-c-v1;Monosyllables;mono-c-11;Zeit;Zeit
de-mono-c-v1;Monosyllables;mono-c-12;Jahr;Jahr
de-mono-c-v1;Monosyllables;mono-c-13;Uhr;Uhr
de-mono-c-v1;Monosyllables;mono-c-14;Geld;Geld
de-mono-c-v1;Monosyllables;mono-c-15;Brief;Brief
de-mono-c-v1;Monosyllables;mono-c-16;Bild;Bild
de-mono-c-v1;Monosyllables;mono-c-17;Wand;Wand
de-mono-c-v1;Monosyllables;mono-c-18;Dach;Dach
de-mono-c-v1;Monosyllables;mono-c-19;Tür;Tür
de-mono-c-v1;Monosyllables;mono-c-20;Tor;Tor
de-mono-d-v1;Monosyllables;mono-d-01;Gras;Gras
de-mono-d-v1;Monosyllables;mono-d-02;Blatt;Blatt
de-mono-d-v1;Monosyllables;mono-d-03;Ast;Ast
de-mono-d-v1;Monosyllables;mono-d-04;Stamm;Stamm
de-mono-d-v1;Monosyllables;mono-d-05;Frucht;Frucht
de-mono-d-v1;Monosyllables;mono-d-06;Milch;Milch
de-mono-d-v1;Monosyllables;mono-d-07;Salz;Salz
de-mono-d-v1;Monosyllables;mono-d-08;Saft;Saft
de-mono-d-v1;Monosyllables;mono-d-09;Topf;Topf
de-mono-d-v1;Monosyllables;mono-d-10;Herd;Herd
de-mono-d-v1;Monosyllables;mono-d-11;Brett;Brett
de-mono-d-v1;Monosyllables;mono-d-12;Schrank;Schrank
de-mono-d-v1;Monosyllables;mono-d-13;Bett;Bett
de-mono-d-v1;Monosyllables;mono-d-14;Kamm;Kamm
de-mono-d-v1;Monosyllables;mono-d-15;Haut;Haut
de-mono-d-v1;Monosyllables;mono-d-16;Zahn;Zahn
de-mono-d-v1;Monosyllables;mono-d-17;Ohr;Ohr
de-mono-d-v1;Monosyllables;mono-d-18;Blick;Blick
de-mono-d-v1;Monosyllables;mono-d-19;Klang;Klang
de-mono-d-v1;Monosyllables;mono-d-20;Wort;Wort
de-poly-a-v1;Polysyllables;poly-a-01;Apfel;Apfel
de-poly-a-v1;Polysyllables;poly-a-02;Blume;Blume
de-poly-a-v1;Polysyllables;poly-a-03;Nase;Nase
de-poly-a-v1;Polysyllables;poly-a-04;Auge;Auge
de-poly-a-v1;Polysyllables;poly-a-05;Hase;Hase
de-poly-a-v1;Polysyllables;poly-a-06;Katze;Katze
de-poly-a-v1;Polysyllables;poly-a-07;Gabel;Gabel
de-poly-a-v1;Polysyllables;poly-a-08;Löffel;Löffel
de-poly-a-v1;Polysyllables;poly-a-09;Teller;Teller
de-poly-a-v1;Polysyllables;poly-a-10;Tasse;Tasse
de-poly-a-v1;Polysyllables;poly-a-11;Jacke;Jacke
de-poly-a-v1;Polysyllables;poly-a-12;Hose;Hose
de-poly-a-v1;Polysyllables;poly-a-13;Mütze;Mütze
de-poly-a-v1;Polysyllables;poly-a-14;Wolke;Wolke
de-poly-a-v1;Polysyllables;poly-a-15;Sonne;Sonne
de-poly-a-v1;Polysyllables;poly-a-16;Regen;Regen
de-poly-a-v1;Polysyllables;poly-a-17;Insel;Insel
de-poly-a-v1;Polysyllables;poly-a-18;Straße;Straße
de-poly-a-v1;Polysyllables;poly-a-19;Küche;Küche
de-poly-a-v1;Polysyllables;poly-a-20;Fenster;Fenster
de-poly-b-v1;Polysyllables;poly-b-01;Auto;Auto
de-poly-b-v1;Polysyllables;poly-b-02;Fahrrad;Fahrrad
de-poly-b-v1;Polysyllables;poly-b-03;Lampe;Lampe
de-poly-b-v1;Polysyllables;poly-b-04;Kissen;Kissen
de-poly-b-v1;Polysyllables;poly-b-05;Decke;Decke
de-poly-b-v1;Polysyllables;poly-b-06;Spiegel;Spiegel
de-poly-b-v1;Polysyllables;poly-b-07;Garten;Garten
de-poly-b-v1;Polysyllables;poly-b-08;Wiese;Wiese
de-poly-b-v1;Polysyllables;poly-b-09;Vogel;Vogel
de-poly-b-v1;Polysyllables;poly-b-10;Biene;Biene
de-poly-b-v1;Polysyllables;poly-b-11;Käfer;Käfer
de-poly-b-v1;Polysyllables;poly-b-12;Löwe;Löwe
de-poly-b-v1;Polysyllables;poly-b-13;Tiger;Tiger
de-poly-b-v1;Polysyllables;poly-b-14;Affe;Affe
de-poly-b-v1;Polysyllables;poly-b-15;Zebra;Zebra
de-poly-b-v1;Polysyllables;poly-b-16;Schule;Schule
de-poly-b-v1;Polysyllables;poly-b-17;Lehrer;Lehrer
de-poly-b-v1;Polysyllables;poly-b-18;Pause;Pause
de-poly-b-v1;Polysyllables;poly-b-19;Zeitung;Zeitung
de-poly-b-v1;Polysyllables;poly-b-20;Radio;Radio
de-poly-c-v1;Polysyllables;poly-c-01;Banane;Banane
de-poly-c-v1;Polysyllables;poly-c-02;Tomate;Tomate
de-poly-c-v1;Polysyllables;poly-c-03;Kartoffel;Kartoffel
de-poly-c-v1;Polysyllables;poly-c-04;Karotte;Karotte
de-poly-c-v1;Polysyllables;poly-c-05;Zitrone;Zitrone
de-poly-c-v1;Polysyllables;poly-c-06;Orange;Orange
de-poly-c-v1;Polysyllables;poly-c-07;Butter;Butter
de-poly-c-v1;Polysyllables;poly-c-08;Nudeln;Nudeln
de-poly-c-v1;Polysyllables;poly-c-09;Suppe;Suppe
de-poly-c-v1;Polysyllables;poly-c-10;Kuchen;Kuchen
de-poly-c-v1;Polysyllables;poly-c-11;Flasche;Flasche
de-poly-c-v1;Polysyllables;poly-c-12;Papier;Papier
de-poly-c-v1;Polysyllables;poly-c-13;Schere;Schere
de-poly-c-v1;Polysyllables;poly-c-14;Bleistift;Bleistift
de-poly-c-v1;Polysyllables;poly-c-15;Kalender;Kalender
de-poly-c-v1;Polysyllables;poly-c-16;Computer;Computer
de-poly-c-v1;Polysyllables;poly-c-17;Telefon;Telefon
de-poly-c-v1;Polysyllables;poly-c-18;Kamera;Kamera
de-poly-c-v1;Polysyllables;poly-c-19;Musik;Musik
de-poly-c-v1;Polysyllables;poly-c-20;Gitarre;Gitarre
de-poly-d-v1;Polysyllables;poly-d-01;Familie;Familie
de-poly-d-v1;Polysyllables;poly-d-02;Wohnung;Wohnung
de-poly-d-v1;Polysyllables;poly-d-03;Balkon;Balkon
de-poly-d-v1;Polysyllables;poly-d-04;Treppe;Treppe
de-poly-d-v1;Polysyllables;poly-d-05;Garage;Garage
de-poly-d-v1;Polysyllables;poly-d-06;Keller;Keller
de-poly-d-v1;Polysyllables;poly-d-07;Urlaub;Urlaub
de-poly-d-v1;Polysyllables;poly-d-08;Koffer;Koffer
de-poly-d-v1;Polysyllables;poly-d-09;Bahnhof;Bahnhof
de-poly-d-v1;Polysyllables;poly-d-10;Haltestelle;Haltestelle
de-poly-d-v1;Polysyllables;poly-d-11;Ampel;Ampel
de-poly-d-v1;Polysyllables;poly-d-12;Brücke;Brücke
de-poly-d-v1;Polysyllables;poly-d-13;Tunnel;Tunnel
de-poly-d-v1;Polysyllables;poly-d-14;Maschine;Maschine
de-poly-d-v1;Polysyllables;poly-d-15;Motor;Motor
de-poly-d-v1;Polysyllables;poly-d-16;Rakete;Rakete
de-poly-d-v1;Polysyllables;poly-d-17;Paket;Paket
de-poly-d-v1;Polysyllables;poly-d-18;Geschenk;Geschenk
de-poly-d-v1;Polysyllables;poly-d-19;Geburtstag;Geburtstag
de-poly-d-v1;Polysyllables;poly-d-20;Abenteuer;Abenteuer
